Name,CIK,GICS_SECTOR,HEADQUARTERS,DATE_ADDED,FOUNDED
3M,0000066740,Industrials,"Saint Paul, Minnesota",1957-03-04,"1902
"
A. O. Smith,0000091142,Industrials,"Milwaukee, Wisconsin",2017-07-26,"1916
"
Abbott,0000001800,Health Care,"North Chicago, Illinois",1957-03-04,"1888
"
AbbVie,0001551152,Health Care,"North Chicago, Illinois",2012-12-31,"2013 (1888)
"
Accenture,0001467373,Information Technology,"Dublin, Ireland",2011-07-06,"1989
"
Adobe Inc.,0000796343,Information Technology,"San Jose, California",1997-05-05,"1982
"
Advanced Micro Devices,0000002488,Information Technology,"Santa Clara, California",2017-03-20,"1969
"
AES Corporation,0000874761,Utilities,"Arlington, Virginia",1998-10-02,"1981
"
Aflac,0000004977,Financials,"Columbus, Georgia",1999-05-28,"1955
"
Agilent Technologies,0001090872,Health Care,"Santa Clara, California",2000-06-05,"1999
"
Air Products and Chemicals,0000002969,Materials,"Allentown, Pennsylvania",1985-04-30,"1940
"
Airbnb,0001559720,Consumer Discretionary,"San Francisco, California",2023-09-18,"2008
"
Akamai,0001086222,Information Technology,"Cambridge, Massachusetts",2007-07-12,"1998
"
Albemarle Corporation,0000915913,Materials,"Charlotte, North Carolina",2016-07-01,"1994
"
Alexandria Real Estate Equities,0001035443,Real Estate,"Pasadena, California",2017-03-20,"1994
"
Align Technology,0001097149,Health Care,"Tempe, Arizona",2017-06-19,"1997
"
Allegion,0001579241,Industrials,"Dublin, Ireland",2013-12-02,"1908
"
Alliant Energy,0000352541,Utilities,"Madison, Wisconsin",2016-07-01,"1917
"
Allstate,0000899051,Financials,"Northbrook, Illinois",1995-07-13,"1931
"
Alphabet Inc. (Class A),0001652044,Communication Services,"Mountain View, California",2014-04-03,"1998
"
Alphabet Inc. (Class C),0001652044,Communication Services,"Mountain View, California",2006-04-03,"1998
"
Altria,0000764180,Consumer Staples,"Richmond, Virginia",1957-03-04,"1985
"
Amazon,0001018724,Consumer Discretionary,"Seattle, Washington",2005-11-18,"1994
"
Amcor,0001748790,Materials,"Warmley, Bristol, United Kingdom",2019-06-07,"2019 (1860)
"
Ameren,0001002910,Utilities,"St. Louis, Missouri",1991-09-19,"1902
"
American Airlines Group,0000006201,Industrials,"Fort Worth, Texas",2015-03-23,"1934
"
American Electric Power,0000004904,Utilities,"Columbus, Ohio",1957-03-04,"1906
"
American Express,0000004962,Financials,"New York City, New York",1976-06-30,"1850
"
American International Group,0000005272,Financials,"New York City, New York",1980-03-31,"1919
"
American Tower,0001053507,Real Estate,"Boston, Massachusetts",2007-11-19,"1995
"
American Water Works,"0001410636
",Utilities,"Camden, New Jersey",2016-03-04,"1886
"
Ameriprise Financial,"0000820027
",Financials,"Minneapolis, Minnesota",2005-10-03,"1894
"
Ametek,"0001037868
",Industrials,"Berwyn, Pennsylvania",2013-09-23,"1930
"
Amgen,"0000318154
",Health Care,"Thousand Oaks, California",1992-01-02,"1980
"
Amphenol,0000820313,Information Technology,"Wallingford, Connecticut",2008-09-30,"1932
"
Analog Devices,"0000006281
",Information Technology,"Wilmington, Massachusetts",1999-10-12,"1965
"
Ansys,"0001013462
",Information Technology,"Canonsburg, Pennsylvania",2017-06-19,"1969
"
Aon,"0000315293
",Financials,"London, UK",1996-04-23,"1982 (1919)
"
APA Corporation,"0001841666
",Energy,"Houston, Texas",1997-07-28,"1954
"
Apple Inc.,"0000320193
",Information Technology,"Cupertino, California",1982-11-30,"1977
"
Applied Materials,"0000006951
",Information Technology,"Santa Clara, California",1995-03-16,"1967
"
Aptiv,"0001521332
",Consumer Discretionary,"Dublin, Ireland",2012-12-24,"1994
"
Arch Capital Group,0000947484,Financials,"Hamilton, Bermuda",2022-11-01,"1995
"
Archer-Daniels-Midland,"0000007084
",Consumer Staples,"Chicago, Illinois",1957-03-04,"1902
"
Arista Networks,0001596532,Information Technology,"Santa Clara, California",2018-08-28,"2004
"
Arthur J. Gallagher & Co.,"0000354190
",Financials,"Rolling Meadows, Illinois",2016-05-31,"1927
"
Assurant,0001267238,Financials,"Atlanta, Georgia",2007-04-10,"1892
"
AT&T,0000732717,Communication Services,"Dallas, Texas",1983-11-30,"1983 (1885)
"
Atmos Energy,0000731802,Utilities,"Dallas, Texas",2019-02-15,"1906
"
Autodesk,"0000769397
",Information Technology,"San Francisco, California",1989-12-01,"1982
"
Automated Data Processing,"0000008670
",Industrials,"Roseland, New Jersey",1981-03-31,"1949
"
AutoZone,"0000866787
",Consumer Discretionary,"Memphis, Tennessee",1997-01-02,"1979
"
AvalonBay Communities,0000915912,Real Estate,"Arlington, Virginia",2007-01-10,"1978
"
Avery Dennison,0000008818,Materials,"Mentor, Ohio",1987-12-31,"1990
"
Axon Enterprise,0001069183,Industrials,"Scottsdale, Arizona",2023-05-04,"1993
"
Baker Hughes,0001701605,Energy,"Houston, Texas",2017-07-07,"2017
"
Ball Corporation,0000009389,Materials,"Broomfield, Colorado",1984-10-31,"1880
"
Bank of America,"0000070858
",Financials,"Charlotte, North Carolina",1976-06-30,"1998 (1923 / 1874)
"
Bank of New York Mellon,0001390777,Financials,"New York City, New York",1995-03-31,"1784
"
"Bath & Body Works, Inc.","0000701985
",Consumer Discretionary,"Columbus, Ohio",1983-09-30,"1963
"
Baxter International,0000010456,Health Care,"Deerfield, Illinois",1972-09-30,"1931
"
Becton Dickinson,0000010795,Health Care,"Franklin Lakes, New Jersey",1972-09-30,"1897
"
Berkshire Hathaway,"0001067983
",Financials,"Omaha, Nebraska",2010-02-16,"1839
"
Best Buy,"0000764478
",Consumer Discretionary,"Richfield, Minnesota",1999-06-29,"1966
"
Bio-Rad,"0000012208
",Health Care,"Hercules, California",2020-06-22,"1952
"
Bio-Techne,"0000842023
",Health Care,"Minneapolis, Minnesota",2021-08-30,"1976
"
Biogen,"0000875045
",Health Care,"Cambridge, Massachusetts",2003-11-13,"1978
"
BlackRock,"0001364742
",Financials,"New York City, New York",2011-04-04,"1988
"
Blackstone,0001393818,Financials,"New York City, New York",2023-09-18,"1985
"
Boeing,0000012927,Industrials,"Arlington, Virginia",1957-03-04,"1916
"
Booking Holdings,"0001075531
",Consumer Discretionary,"Norwalk, Connecticut",2009-11-06,"1996
"
BorgWarner,"0000908255
",Consumer Discretionary,"Auburn Hills, Michigan",2011-12-19,"1880
"
Boston Properties,"0001037540
",Real Estate,"Boston, Massachusetts",2006-04-03,"1970
"
Boston Scientific,"0000885725
",Health Care,"Marlborough, Massachusetts",1995-02-24,"1979
"
Bristol Myers Squibb,0000014272,Health Care,"New York City, New York",1957-03-04,"1989 (1887)
"
Broadcom Inc.,0001730168,Information Technology,"Palo Alto, California",2014-05-08,"1961
"
Broadridge Financial Solutions,0001383312,Industrials,"Lake Success, New York",2018-06-18,"1962
"
Brown & Brown,0000079282,Financials,"Daytona Beach, Florida",2021-09-20,"1939
"
Brown–Forman,0000014693,Consumer Staples,"Louisville, Kentucky",1982-10-31,"1870
"
Builders FirstSource,0001316835,Industrials,"Irving, Texas",2023-12-18,"1998
"
Bunge Global SA,0001996862,Consumer Staples,"Chesterfield, Missouri",2023-03-15,"1818
"
Cadence Design Systems,0000813672,Information Technology,"San Jose, California",2017-09-18,"1988
"
Caesars Entertainment,0001590895,Consumer Discretionary,"Reno, Nevada",2021-03-22,"1973
"
Camden Property Trust,0000906345,Real Estate,"Houston, Texas",2022-04-04,"1981
"
Campbell Soup Company,0000016732,Consumer Staples,"Camden, New Jersey",1957-03-04,"1869
"
Capital One,0000927628,Financials,"Tysons Corner, Virginia",1998-07-01,"1994
"
Cardinal Health,0000721371,Health Care,"Dublin, Ohio",1997-05-27,"1971
"
CarMax,0001170010,Consumer Discretionary,"Richmond, Virginia",2010-06-28,"1993
"
Carnival,0000815097,Consumer Discretionary,"Miami, Florida",1998-12-22,"1972
"
Carrier Global,"0001783180
",Industrials,"Palm Beach Gardens, Florida",2020-04-03,"2020 (1915, United Technologies spinoff)
"
Catalent,0001596783,Health Care,"Somerset, New Jersey",2020-09-21,"2007
"
Caterpillar Inc.,0000018230,Industrials,"Irving, Texas",1957-03-04,"1925
"
Cboe Global Markets,0001374310,Financials,"Chicago, Illinois",2017-03-01,"1973
"
CBRE Group,0001138118,Real Estate,"Dallas, Texas",2006-11-10,"1906
"
CDW,0001402057,Information Technology,"Lincolnshire, Illinois",2019-09-23,"1984
"
Celanese,0001306830,Materials,"Irving, Texas",2018-12-24,"1918
"
Cencora,0001140859,Health Care,"Conshohocken, Pennsylvania",2001-08-30,"1985
"
Centene Corporation,0001071739,Health Care,"St. Louis, Missouri",2016-03-30,"1984
"
CenterPoint Energy,0001130310,Utilities,"Houston, Texas",1985-07-31,"1882
"
CF Industries,0001324404,Materials,"Deerfield, Illinois",2008-08-27,"1946
"
CH Robinson,0001043277,Industrials,"Eden Prairie, Minnesota",2007-03-02,"1905
"
Charles River Laboratories,0001100682,Health Care,"Wilmington, Massachusetts",2021-05-14,"1947
"
Charles Schwab Corporation,0000316709,Financials,"Westlake, Texas",1997-06-02,"1971
"
Charter Communications,0001091667,Communication Services,"Stamford, Connecticut",2016-09-08,"1993
"
Chevron Corporation,0000093410,Energy,"San Ramon, California",1957-03-04,"1879
"
Chipotle Mexican Grill,0001058090,Consumer Discretionary,"Newport Beach, California",2011-04-28,"1993
"
Chubb Limited,0000896159,Financials,"Zurich, Switzerland",2010-07-15,"1985
"
Church & Dwight,0000313927,Consumer Staples,"Ewing, New Jersey",2015-12-29,"1847
"
Cigna,"0001739940
",Health Care,"Bloomfield, Connecticut",1976-06-30,"1982
"
Cincinnati Financial,0000020286,Financials,"Fairfield, Ohio",1997-12-18,"1950
"
Cintas,0000723254,Industrials,"Mason, Ohio",2001-03-01,"1929
"
Cisco,0000858877,Information Technology,"San Jose, California",1993-12-01,"1984
"
Citigroup,0000831001,Financials,"New York City, New York",1988-05-31,"1998
"
Citizens Financial Group,0000759944,Financials,"Providence, Rhode Island",2016-01-29,"1828
"
Clorox,0000021076,Consumer Staples,"Oakland, California",1969-03-31,"1913
"
CME Group,0001156375,Financials,"Chicago, Illinois",2006-08-11,"1848
"
CMS Energy,0000811156,Utilities,"Jackson, Michigan",1957-03-04,"1886
"
Coca-Cola Company (The),0000021344,Consumer Staples,"Atlanta, Georgia",1957-03-04,"1886
"
Cognizant,0001058290,Information Technology,"Teaneck, New Jersey",2006-11-17,"1994
"
Colgate-Palmolive,0000021665,Consumer Staples,"New York City, New York",1957-03-04,"1806
"
Comcast,0001166691,Communication Services,"Philadelphia, Pennsylvania",2002-11-19,"1963
"
Comerica,0000028412,Financials,"Dallas, Texas",1995-12-01,"1849
"
Conagra Brands,"0000023217
",Consumer Staples,"Chicago, Illinois",1983-08-31,"1919
"
ConocoPhillips,0001163165,Energy,"Houston, Texas",1957-03-04,"2002
"
Consolidated Edison,0001047862,Utilities,"New York City, New York",1957-03-04,"1823
"
Constellation Brands,0000016918,Consumer Staples,"Victor, New York",2005-07-01,"1945
"
Constellation Energy,0001868275,Utilities,"Baltimore, Maryland",2022-02-02,"1999
"
CooperCompanies,0000711404,Health Care,"San Ramon, California",2016-09-23,"1958
"
Copart,0000900075,Industrials,"Dallas, Texas",2018-07-02,"1982
"
Corning Inc.,0000024741,Information Technology,"Corning, New York",1995-02-27,"1851
"
Corteva,0001755672,Materials,"Indianapolis, Indiana",2019-06-03,"2019
"
CoStar Group,0001057352,Real Estate,"Washington, D.C.",2022-09-19,"1987
"
Costco,0000909832,Consumer Staples,"Issaquah, Washington",1993-10-01,"1976
"
Coterra,0000858470,Energy,"Houston, Texas",2008-06-23,"2021 (1989)
"
Crown Castle,0001051470,Real Estate,"Houston, Texas",2012-03-14,"1994
"
CSX,0000277948,Industrials,"Jacksonville, Florida",1957-03-04,"1980
"
Cummins,0000026172,Industrials,"Columbus, Indiana",1965-03-31,"1919
"
CVS Health,0000064803,Health Care,"Woonsocket, Rhode Island",1957-03-04,"1996
"
Danaher Corporation,0000313616,Health Care,"Washington, D.C.",1998-11-18,"1969
"
Darden Restaurants,0000940944,Consumer Discretionary,"Orlando, Florida",1995-05-31,"1938
"
DaVita Inc.,0000927066,Health Care,"Denver, Colorado",2008-07-31,"1979
"
Dayforce,0001725057,Industrials,"Minneapolis, Minnesota",2021-09-20,"1992
"
John Deere,0000315189,Industrials,"Moline, Illinois",1957-03-04,"1837
"
Delta Air Lines,0000027904,Industrials,"Atlanta, Georgia",2013-09-11,"1929
"
Dentsply Sirona,"0000818479
",Health Care,"Charlotte, North Carolina",2008-11-14,"2016 (1969)
"
Devon Energy,0001090012,Energy,"Oklahoma City, Oklahoma",2000-08-30,"1971
"
Dexcom,0001093557,Health Care,"San Diego, California",2020-05-12,"1999
"
Diamondback Energy,0001539838,Energy,"Midland, Texas",2018-12-03,"2007
"
Digital Realty,0001297996,Real Estate,"Austin, Texas",2016-05-18,"2004
"
Discover Financial,"0001393612
",Financials,"Riverwoods, Illinois",2007-07-02,"1985
"
Dollar General,0000029534,Consumer Staples,"Goodlettsville, Tennessee",2012-12-03,"1939
"
Dollar Tree,0000935703,Consumer Staples,"Chesapeake, Virginia",2011-12-19,"1986
"
Dominion Energy,0000715957,Utilities,"Richmond, Virginia",2016-11-30,"1983
"
Domino's,0001286681,Consumer Discretionary,"Ann Arbor, Michigan",2020-05-12,"1960
"
Dover Corporation,0000029905,Industrials,"Downers Grove, Illinois",1985-10-31,"1955
"
Dow Inc.,0001751788,Materials,"Midland, Michigan",2019-04-01,"2019 (1897)
"
DR Horton,0000882184,Consumer Discretionary,"Arlington, Texas",2005-06-22,"1978
"
DTE Energy,0000936340,Utilities,"Detroit, Michigan",1957-03-04,"1995
"
Duke Energy,"0001326160
",Utilities,"Charlotte, North Carolina",1976-06-30,"1904
"
DuPont,0001666700,Materials,"Wilmington, Delaware",2019-04-02,"2017 (1802)
"
Eastman Chemical Company,0000915389,Materials,"Kingsport, Tennessee",1994-01-01,"1920
"
Eaton Corporation,0001551182,Industrials,"Dublin, Ireland",1957-03-04,"1911
"
eBay,0001065088,Consumer Discretionary,"San Jose, California",2002-07-22,"1995
"
Ecolab,0000031462,Materials,"Saint Paul, Minnesota",1989-01-31,"1923
"
Edison International,0000827052,Utilities,"Rosemead, California",1957-03-04,"1886
"
Edwards Lifesciences,0001099800,Health Care,"Irvine, California",2011-04-01,"1958
"
Electronic Arts,0000712515,Communication Services,"Redwood City, California",2002-07-22,"1982
"
Elevance Health,"0001156039
",Health Care,"Indianapolis, Indiana",2002-07-25,"2014 (1946)
"
Eli Lilly and Company,0000059478,Health Care,"Indianapolis, Indiana",1970-12-31,"1876
"
Emerson Electric,0000032604,Industrials,"Ferguson, Missouri",1965-03-31,"1890
"
Enphase,0001463101,Information Technology,"Fremont, California",2021-01-07,"2006
"
Entergy,0000065984,Utilities,"New Orleans, Louisiana",1957-03-04,"1913
"
EOG Resources,0000821189,Energy,"Houston, Texas",2000-11-02,"1999
"
EPAM Systems,0001352010,Information Technology,"Newtown, Pennsylvania",2021-12-14,"1993
"
EQT,0000033213,Energy,"Pittsburgh, Pennsylvania",2022-10-03,"1888
"
Equifax,0000033185,Industrials,"Atlanta, Georgia",1997-06-19,"1899
"
Equinix,0001101239,Real Estate,"Redwood City, California",2015-03-20,"1998
"
Equity Residential,0000906107,Real Estate,"Chicago, Illinois",2001-12-03,"1969
"
Essex Property Trust,0000920522,Real Estate,"San Mateo, California",2014-04-02,"1971
"
Estée Lauder Companies (The),0001001250,Consumer Staples,"New York City, New York",2006-01-05,"1946
"
Etsy,0001370637,Consumer Discretionary,"New York City, New York",2020-09-21,"2005
"
Everest Re,0001095073,Financials,"Hamilton, Bermuda",2017-06-19,"1973
"
Evergy,0001711269,Utilities,"Kansas City, Missouri",2018-06-05,"1909
"
Eversource,0000072741,Utilities,"Hartford, Connecticut",2009-07-24,"1966
"
Exelon,0001109357,Utilities,"Chicago, Illinois",1957-03-04,"2000
"
Expedia Group,0001324424,Consumer Discretionary,"Seattle, Washington",2007-10-02,"1996
"
Expeditors International,0000746515,Industrials,"Seattle, Washington",2007-10-10,"1979
"
Extra Space Storage,0001289490,Real Estate,"Salt Lake City, Utah",2016-01-19,"1977
"
ExxonMobil,0000034088,Energy,"Irving, Texas",1957-03-04,"1999
"
"F5, Inc.",0001048695,Information Technology,"Seattle, Washington",2010-12-20,"1996
"
FactSet,0001013237,Financials,"Norwalk, Connecticut",2021-12-20,"1978
"
Fair Isaac,0000814547,Information Technology,"Bozeman, Montana",2023-03-20,"1956
"
Fastenal,0000815556,Industrials,"Winona, Minnesota",2008-09-15,"1967
"
Federal Realty,0000034903,Real Estate,"Rockville, Maryland",2016-02-01,"1962
"
FedEx,"0001048911
",Industrials,"Memphis, Tennessee",1980-12-31,"1971
"
Fidelity National Information Services,0001136893,Financials,"Jacksonville, Florida",2006-11-10,"1968
"
Fifth Third Bank,0000035527,Financials,"Cincinnati, Ohio",1996-03-29,"1858
"
First Solar,0001274494,Information Technology,"Tempe, Arizona",2022-12-19,"1999
"
FirstEnergy,0001031296,Utilities,"Akron, Ohio",1997-11-28,"1997
"
Fiserv,0000798354,Financials,"Brookfield, Wisconsin",2001-04-02,"1984
"
Fleetcor,0001175454,Financials,"Atlanta, Georgia",2018-06-20,"2000
"
FMC Corporation,0000037785,Materials,"Philadelphia, Pennsylvania",2009-08-19,"1883
"
Ford Motor Company,0000037996,Consumer Discretionary,"Dearborn, Michigan",1957-03-04,"1903
"
Fortinet,0001262039,Information Technology,"Sunnyvale, California",2018-10-11,"2000
"
Fortive,0001659166,Industrials,"Everett, Washington",2016-07-01,"2016
"
Fox Corporation (Class A),"0001754301
",Communication Services,"New York City, New York",2019-03-04,"2019
"
Fox Corporation (Class B),"0001754301
",Communication Services,"New York City, New York",2019-03-04,"2019
"
Franklin Templeton,0000038777,Financials,"San Mateo, California",1998-04-30,"1947
"
Freeport-McMoRan,0000831259,Materials,"Phoenix, Arizona",2011-07-01,"1912
"
Garmin,0001121788,Consumer Discretionary,"Schaffhausen, Switzerland",2012-12-12,"1989
"
Gartner,0000749251,Information Technology,"Stamford, Connecticut",2017-04-05,"1979
"
GE HealthCare,0001932393,Health Care,"Chicago, Illinois",2023-01-04,"1994
"
Gen Digital,0000849399,Information Technology,"Tempe, Arizona",2003-03-25,"1982
"
Generac,0001474735,Industrials,"Waukesha, Wisconsin",2021-03-22,"1959
"
General Dynamics,0000040533,Industrials,"Falls Church, Virginia",1957-03-04,"1899
"
General Electric,0000040545,Industrials,"Boston, Massachusetts",1957-03-04,"1892
"
General Mills,0000040704,Consumer Staples,"Golden Valley, Minnesota",1957-03-04,"1856
"
General Motors,"0001467858
",Consumer Discretionary,"Detroit, Michigan",2013-06-06,"1908
"
Genuine Parts Company,0000040987,Consumer Discretionary,"Atlanta, Georgia",1973-12-31,"1925
"
Gilead Sciences,0000882095,Health Care,"Foster City, California",2004-07-01,"1987
"
Global Payments,0001123360,Financials,"Atlanta, Georgia",2016-04-25,"2000
"
Globe Life,0000320335,Financials,"McKinney, Texas",1989-04-30,"1900
"
Goldman Sachs,0000886982,Financials,"New York City, New York",2002-07-22,"1869
"
Halliburton,0000045012,Energy,"Houston, Texas",1957-03-04,"1919
"
Hartford (The),"0000874766
",Financials,"Hartford, Connecticut",1957-03-04,"1810
"
Hasbro,0000046080,Consumer Discretionary,"Pawtucket, Rhode Island",1984-09-30,"1923
"
HCA Healthcare,0000860730,Health Care,"Nashville, Tennessee",2015-01-27,"1968
"
Healthpeak,0000765880,Real Estate,"Long Beach, California",2008-03-31,"1985
"
Henry Schein,0001000228,Health Care,"Melville, New York",2015-03-17,"1932
"
Hershey's,0000047111,Consumer Staples,"Hershey, Pennsylvania",1957-03-04,"1894
"
Hess Corporation,0000004447,Energy,"New York City, New York",1984-05-31,"1919
"
Hewlett Packard Enterprise,0001645590,Information Technology,"Houston, Texas",2015-11-02,"2015
"
Hilton Worldwide,0001585689,Consumer Discretionary,"Tysons Corner, Virginia",2017-06-19,"1919
"
Hologic,0000859737,Health Care,"Marlborough, Massachusetts",2016-03-30,"1985
"
Home Depot (The),0000354950,Consumer Discretionary,"Atlanta, Georgia",1988-03-31,"1978
"
Honeywell,0000773840,Industrials,"Charlotte, North Carolina",1957-03-04,"1906
"
Hormel Foods,0000048465,Consumer Staples,"Austin, Minnesota",2009-03-04,"1891
"
Host Hotels & Resorts,0001070750,Real Estate,"Bethesda, Maryland",2007-03-20,"1993
"
Howmet Aerospace,0000004281,Industrials,"Pittsburgh, Pennsylvania",2016-10-21,"1888
"
HP Inc.,0000047217,Information Technology,"Palo Alto, California",1974-12-31,"1939 (2015)
"
Hubbell Incorporated,0000048898,Industrials,"Shelton, Connecticut",2023-10-18,"1888
"
Humana,0000049071,Health Care,"Louisville, Kentucky",2012-12-10,"1961
"
Huntington Bancshares,0000049196,Financials,"Columbus, Ohio; Detroit, Michigan",1997-08-28,"1866
"
Huntington Ingalls Industries,"0001501585
",Industrials,"Newport News, Virginia",2018-01-03,"2011
"
IBM,0000051143,Information Technology,"Armonk, New York",1957-03-04,"1911
"
IDEX Corporation,0000832101,Industrials,"Lake Forest, Illinois",2019-08-09,"1988
"
Idexx Laboratories,0000874716,Health Care,"Westbrook, Maine",2017-01-05,"1983
"
Illinois Tool Works,0000049826,Industrials,"Glenview, Illinois",1986-02-28,"1912
"
Illumina,0001110803,Health Care,"San Diego, California",2015-11-19,"1998
"
Incyte,0000879169,Health Care,"Wilmington, Delaware",2017-02-28,"1991
"
Ingersoll Rand,0001699150,Industrials,"Davidson, North Carolina",2020-03-03,"1859
"
Insulet,0001145197,Health Care,"Acton, Massachusetts",2023-03-15,"2000
"
Intel,"0000050863
",Information Technology,"Santa Clara, California",1976-12-31,"1968
"
Intercontinental Exchange,0001571949,Financials,"Atlanta, Georgia",2007-09-26,"2000
"
International Flavors & Fragrances,"0000051253
",Materials,"New York City, New York",1976-03-31,"1958 (1889)
"
International Paper,0000051434,Materials,"Memphis, Tennessee",1957-03-04,"1898
"
Interpublic Group of Companies (The),0000051644,Communication Services,"New York City, New York",1992-10-01,"1961 (1930)
"
Intuit,0000896878,Information Technology,"Mountain View, California",2000-12-05,"1983
"
Intuitive Surgical,0001035267,Health Care,"Sunnyvale, California",2008-06-02,"1995
"
Invesco,0000914208,Financials,"Atlanta, Georgia",2008-08-21,"1935
"
Invitation Homes,0001687229,Real Estate,"Dallas, Texas",2022-09-19,"2012
"
IQVIA,"0001478242
",Health Care,"Durham, North Carolina",2017-08-29,"1982
"
Iron Mountain,0001020569,Real Estate,"Boston, Massachusetts",2009-01-06,"1951
"
J.B. Hunt,0000728535,Industrials,"Lowell, Arkansas",2015-07-01,"1961
"
Jabil,0000898293,Information Technology,"St. Petersburg, Florida",2023-12-18,"1966
"
Jack Henry & Associates,0000779152,Financials,"Monett, Missouri",2018-11-13,"1976
"
Jacobs Solutions,0000052988,Industrials,"Dallas, Texas",2007-10-26,"1947
"
Johnson & Johnson,0000200406,Health Care,"New Brunswick, New Jersey",1973-06-30,"1886
"
Johnson Controls,0000833444,Industrials,"Cork, Ireland",2010-08-27,"1885
"
JPMorgan Chase,"0000019617
",Financials,"New York City, New York",1975-06-30,"2000 (1799 / 1871)
"
Juniper Networks,0001043604,Information Technology,"Sunnyvale, California",2006-06-02,"1996
"
Kellanova,0000055067,Consumer Staples,"Chicago, Illinois",1989-09-11,"1906
"
Kenvue,0001944048,Consumer Staples,"Skillman, New Jersey",2023-08-25,"2022 (Johnson & Johnson spinoff)
"
Keurig Dr Pepper,0001418135,Consumer Staples,"Burlington, Massachusetts",2022-06-21,"1981
"
KeyCorp,0000091576,Financials,"Cleveland, Ohio",1994-03-01,"1825
"
Keysight,0001601046,Information Technology,"Santa Rosa, California",2018-11-06,"2014 (1939)
"
Kimberly-Clark,0000055785,Consumer Staples,"Irving, Texas",1957-03-04,"1872
"
Kimco Realty,"0000879101
",Real Estate,"New Hyde Park, New York",2006-04-04,"1958
"
Kinder Morgan,"0001506307
",Energy,"Houston, Texas",2012-05-25,"1997
"
KLA Corporation,0000319201,Information Technology,"Milpitas, California",1997-09-30,"1975/1977 (1997)
"
Kraft Heinz,0001637459,Consumer Staples,"Chicago, Illinois; Pittsburgh, Pennsylvania",2015-07-06,"2015 (1869)
"
Kroger,0000056873,Consumer Staples,"Cincinnati, Ohio",1957-03-04,"1883
"
L3Harris,"0000202058
",Industrials,"Melbourne, Florida",2008-09-22,"2019 (L3 1997, Harris 1895)
"
LabCorp,0000920148,Health Care,"Burlington, North Carolina",2004-11-01,"1978
"
Lam Research,0000707549,Information Technology,"Fremont, California",2012-06-29,"1980
"
Lamb Weston,0001679273,Consumer Staples,"Eagle, Idaho",2018-12-03,"2016 (1950)
"
Las Vegas Sands,0001300514,Consumer Discretionary,"Las Vegas, Nevada",2019-10-03,"1988
"
Leidos,0001336920,Industrials,"Reston, Virginia",2019-08-09,"1969
"
Lennar,"0000920760
",Consumer Discretionary,"Miami, Florida",2005-10-04,"1954
"
Linde plc,0001707925,Materials,"Guildford, United Kingdom",1992-07-01,"1879
"
Live Nation Entertainment,0001335258,Communication Services,"Beverly Hills, California",2019-12-23,"2010
"
LKQ Corporation,0001065696,Consumer Discretionary,"Chicago, Illinois",2016-05-23,"1998
"
Lockheed Martin,0000936468,Industrials,"Bethesda, Maryland",1957-03-04,"1995
"
Loews Corporation,"0000060086
",Financials,"New York City, New York",1995-05-31,"1959
"
Lowe's,0000060667,Consumer Discretionary,"Mooresville, North Carolina",1984-02-29,"1904/1946/1959
"
Lululemon Athletica,0001397187,Consumer Discretionary,"Vancouver, Canada",2023-10-18,"1998
"
LyondellBasell,"0001489393
",Materials,"Rotterdam, Netherlands",2012-09-05,"2007
"
M&T Bank,0000036270,Financials,"Buffalo, New York",2004-02-23,"1856
"
Marathon Oil,0000101778,Energy,"Houston, Texas",1957-03-04,"1887
"
Marathon Petroleum,"0001510295
",Energy,"Findlay, Ohio",2011-07-01,"2009 (1887)
"
MarketAxess,"0001278021
",Financials,"New York City, New York",2019-07-01,"2000
"
Marriott International,0001048286,Consumer Discretionary,"Bethesda, Maryland",1998-05-29,"1927
"
Marsh McLennan,0000062709,Financials,"New York City, New York",1987-08-31,"1905
"
Martin Marietta Materials,0000916076,Materials,"Raleigh, North Carolina",2014-07-02,"1993
"
Masco,"0000062996
",Industrials,"Livonia, Michigan",1981-06-30,"1929
"
Mastercard,0001141391,Financials,"Harrison, New York",2008-07-18,"1966
"
Match Group,0000891103,Communication Services,"Dallas, Texas",2021-09-20,"1986
"
McCormick & Company,0000063754,Consumer Staples,"Hunt Valley, Maryland",2003-03-20,"1889
"
McDonald's,0000063908,Consumer Discretionary,"Chicago, Illinois",1970-06-30,"1940
"
McKesson,0000927653,Health Care,"Irving, Texas",1999-01-13,"1833
"
Medtronic,0001613103,Health Care,"Dublin, Ireland",1986-10-31,"1949
"
Merck & Co.,0000310158,Health Care,"Kenilworth, New Jersey",1957-03-04,"1891
"
Meta Platforms,0001326801,Communication Services,"Menlo Park, California",2013-12-23,"2004
"
MetLife,0001099219,Financials,"New York City, New York",2000-12-11,"1868
"
Mettler Toledo,0001037646,Health Care,"Columbus, Ohio",2016-09-06,"1945
"
MGM Resorts,0000789570,Consumer Discretionary,"Paradise, Nevada",2017-07-26,"1986
"
Microchip Technology,0000827054,Information Technology,"Chandler, Arizona",2007-09-07,"1989
"
Micron Technology,0000723125,Information Technology,"Boise, Idaho",1994-09-27,"1978
"
Microsoft,0000789019,Information Technology,"Redmond, Washington",1994-06-01,"1975
"
Mid-America Apartment Communities,0000912595,Real Estate,"Memphis, Tennessee",2016-12-02,"1977
"
Moderna,0001682852,Health Care,"Cambridge, Massachusetts",2021-07-21,"2010
"
Mohawk Industries,0000851968,Consumer Discretionary,"Calhoun, Georgia",2013-12-23,"1878
"
Molina Healthcare,0001179929,Health Care,"Long Beach, California",2022-03-02,"1980
"
Molson Coors Beverage Company,"0000024545
",Consumer Staples,"Chicago, Illinois",1976-06-30,"2005 (Molson 1786, Coors 1873)
"
Mondelez International,0001103982,Consumer Staples,"Chicago, Illinois",2012-10-02,"2012
"
Monolithic Power Systems,0001280452,Information Technology,"Kirkland, Washington",2021-02-12,"1997
"
Monster Beverage,0000865752,Consumer Staples,"Corona, California",2012-06-28,"2012 (1935)
"
Moody's Corporation,0001059556,Financials,"New York City, New York",1998-07-01,"1909
"
Morgan Stanley,0000895421,Financials,"New York City, New York",1993-07-29,"1935
"
Mosaic Company (The),"0001285785
",Materials,"Tampa, Florida",2011-09-26,"2004 (1865 / 1909)
"
Motorola Solutions,0000068505,Information Technology,"Chicago, Illinois",1957-03-04,"1928 (2011)
"
MSCI,"0001408198
",Financials,"New York City, New York",2018-04-04,"1969
"
"Nasdaq, Inc.","0001120193
",Financials,"New York City, New York",2008-10-22,"1971
"
NetApp,0001002047,Information Technology,"San Jose, California",1999-06-25,"1992
"
Netflix,0001065280,Communication Services,"Los Gatos, California",2010-12-20,"1997
"
Newmont,0001164727,Materials,"Denver, Colorado",1969-06-30,"1921
"
News Corp (Class A),0001564708,Communication Services,"New York City, New York",2013-08-01,"2013 (News Corporation 1980)
"
News Corp (Class B),0001564708,Communication Services,"New York City, New York",2015-09-18,"2013 (News Corporation 1980)
"
NextEra Energy,"0000753308
",Utilities,"Juno Beach, Florida",1976-06-30,"1984 (1925)
"
"Nike, Inc.",0000320187,Consumer Discretionary,"Washington County, Oregon",1988-11-30,"1964
"
NiSource,0001111711,Utilities,"Merrillville, Indiana",2000-11-02,"1912
"
Nordson Corporation,0000072331,Industrials,"Westlake, Ohio",2022-02-15,"1935
"
Norfolk Southern Railway,0000702165,Industrials,"Atlanta, Georgia",1957-03-04,"1881/1894 (1980)
"
Northern Trust,0000073124,Financials,"Chicago, Illinois",1998-01-30,"1889
"
Northrop Grumman,0001133421,Industrials,"West Falls Church, Virginia",1957-03-04,"1994 (Northrop 1939, Grumman 1930)
"
Norwegian Cruise Line Holdings,0001513761,Consumer Discretionary,"Miami, Florida",2017-10-13,"2011 (1966)
"
NRG Energy,0001013871,Utilities,"Houston, Texas",2010-01-29,"1992
"
Nucor,0000073309,Materials,"Charlotte, North Carolina",1985-04-30,"1940
"
Nvidia,0001045810,Information Technology,"Santa Clara, California",2001-11-30,"1993
"
"NVR, Inc.",0000906163,Consumer Discretionary,"Reston, Virginia",2019-09-26,"1980
"
NXP Semiconductors,0001413447,Information Technology,"Eindhoven, Netherlands",2021-03-22,"1953
"
O'Reilly Auto Parts,0000898173,Consumer Discretionary,"Springfield, Missouri",2009-03-27,"1957
"
Occidental Petroleum,0000797468,Energy,"Houston, Texas",1957-03-04,"1920
"
Old Dominion,0000878927,Industrials,"Thomasville, North Carolina",2019-12-09,"1934
"
Omnicom Group,0000029989,Communication Services,"New York City, New York",1997-12-31,"1986
"
ON Semiconductor,0001097864,Information Technology,"Phoenix, Arizona",2022-06-21,"1999
"
ONEOK,0001039684,Energy,"Tulsa, Oklahoma",2010-03-15,"1906
"
Oracle Corporation,0001341439,Information Technology,"Austin, Texas",1989-08-31,"1977
"
Otis Worldwide,"0001781335
",Industrials,"Farmington, Connecticut",2020-04-03,"2020 (1853, United Technologies spinoff)
"
Paccar,"0000075362
",Industrials,"Bellevue, Washington",1980-12-31,"1905
"
Packaging Corporation of America,0000075677,Materials,"Lake Forest, Illinois",2017-07-26,"1959
"
Palo Alto Networks,0001327567,Information Technology,"Santa Clara, California",2023-06-20,"2005
"
Paramount Global,"0000813828
",Communication Services,"New York City, New York",1994-09-30,"2019 (Paramount Pictures 1912)
"
Parker Hannifin,0000076334,Industrials,"Cleveland, Ohio",1985-11-30,"1917
"
Paychex,0000723531,Industrials,"Penfield, New York",1998-10-01,"1971
"
Paycom,0001590955,Industrials,"Oklahoma City, Oklahoma",2020-01-28,"1998
"
PayPal,0001633917,Financials,"San Jose, California",2015-07-20,"1998
"
Pentair,0000077360,Industrials,"Worsley, United Kingdom",2012-10-01,"1966
"
PepsiCo,0000077476,Consumer Staples,"Purchase, New York",1957-03-04,"1898
"
Pfizer,0000078003,Health Care,"New York City, New York",1957-03-04,"1849
"
PG&E Corporation,0001004980,Utilities,"San Francisco, California",2022-10-03,"1905
"
Philip Morris International,0001413329,Consumer Staples,"New York City, New York",2008-03-31,"2008 (1847)
"
Phillips 66,0001534701,Energy,"Houston, Texas",2012-05-01,"2012 (1917)
"
Pinnacle West,0000764622,Utilities,"Phoenix, Arizona",1999-10-04,"1985
"
Pioneer Natural Resources,0001038357,Energy,"Irving, Texas",2008-09-24,"1997
"
PNC Financial Services,0000713676,Financials,"Pittsburgh, Pennsylvania",1988-04-30,"1845
"
Pool Corporation,0000945841,Consumer Discretionary,"Covington, Louisiana",2020-10-07,"1993
"
PPG Industries,0000079879,Materials,"Pittsburgh, Pennsylvania",1957-03-04,"1883
"
PPL Corporation,"0000922224
",Utilities,"Allentown, Pennsylvania",2001-10-01,"1920
"
Principal Financial Group,0001126328,Financials,"Des Moines, Iowa",2002-07-22,"1879
"
Procter & Gamble,0000080424,Consumer Staples,"Cincinnati, Ohio",1957-03-04,"1837
"
Progressive Corporation,0000080661,Financials,"Mayfield Village, Ohio",1997-08-04,"1937
"
Prologis,0001045609,Real Estate,"San Francisco, California",2003-07-17,"1983
"
Prudential Financial,0001137774,Financials,"Newark, New Jersey",2002-07-22,"1875
"
Public Service Enterprise Group,"0000788784
",Utilities,"Newark, New Jersey",1957-03-04,"1903
"
PTC,0000857005,Information Technology,"Boston, Massachusetts",2021-04-20,"1985
"
Public Storage,0001393311,Real Estate,"Glendale, California",2005-08-19,"1972
"
PulteGroup,"0000822416
",Consumer Discretionary,"Atlanta, Georgia",1984-04-30,"1956
"
Qorvo,0001604778,Information Technology,"Greensboro, North Carolina",2015-06-11,"2015
"
Quanta Services,0001050915,Industrials,"Houston, Texas",2009-07-01,"1997
"
Qualcomm,0000804328,Information Technology,"San Diego, California",1999-07-22,"1985
"
Quest Diagnostics,0001022079,Health Care,"Secaucus, New Jersey",2002-12-12,"1967
"
Ralph Lauren Corporation,0001037038,Consumer Discretionary,"New York City, New York",2007-02-02,"1967
"
Raymond James,0000720005,Financials,"St. Petersburg, Florida",2017-03-20,"1962
"
RTX Corporation,0000101829,Industrials,"Waltham, Massachusetts",1957-03-04,"1922
"
Realty Income,0000726728,Real Estate,"San Diego, California",2015-04-07,"1969
"
Regency Centers,0000910606,Real Estate,"Jacksonville, Florida",2017-03-02,"1963
"
Regeneron,0000872589,Health Care,"Tarrytown, New York",2013-05-01,"1988
"
Regions Financial Corporation,0001281761,Financials,"Birmingham, Alabama",1998-08-28,"1971
"
Republic Services,0001060391,Industrials,"Phoenix, Arizona",2008-12-05,"1998 (1981)
"
ResMed,0000943819,Health Care,"San Diego, California",2017-07-26,"1989
"
Revvity (Previously PerkinElmer),0000031791,Health Care,"Waltham, Massachusetts",1985-05-31,"1937
"
Robert Half,0000315213,Industrials,"Menlo Park, California",2000-12-05,"1948
"
Rockwell Automation,"0001024478
",Industrials,"Milwaukee, Wisconsin",2000-03-12,"1903
"
"Rollins, Inc.",0000084839,Industrials,"Atlanta, Georgia",2018-10-01,"1948
"
Roper Technologies,0000882835,Information Technology,"Sarasota, Florida",2009-12-23,"1981
"
Ross Stores,0000745732,Consumer Discretionary,"Dublin, California",2009-12-21,"1982
"
Royal Caribbean Group,0000884887,Consumer Discretionary,"Miami, Florida",2014-12-05,"1997
"
S&P Global,"0000064040
",Financials,"New York City, New York",1957-03-04,"1917
"
Salesforce,0001108524,Information Technology,"San Francisco, California",2008-09-15,"1999
"
SBA Communications,0001034054,Real Estate,"Boca Raton, Florida",2017-09-01,"1989
"
Schlumberger,0000087347,Energy,"Houston, Texas",1957-03-04,"1926
"
Seagate Technology,0001137789,Information Technology,"Dublin, Ireland",2012-07-02,"1979
"
Sempra Energy,0001032208,Utilities,"San Diego, California",2017-03-17,"1998
"
ServiceNow,0001373715,Information Technology,"Santa Clara, California",2019-11-21,"2003
"
Sherwin-Williams,0000089800,Materials,"Cleveland, Ohio",1964-06-30,"1866
"
Simon Property Group,"0001063761
",Real Estate,"Indianapolis, Indiana",2002-06-26,"2003
"
Skyworks Solutions,0000004127,Information Technology,"Irvine, California",2015-03-12,"2002
"
J.M. Smucker Company (The),0000091419,Consumer Staples,"Orrville, Ohio",2008-11-06,"1897
"
Snap-on,"0000091440
",Industrials,"Kenosha, Wisconsin",1982-09-30,"1920
"
Southern Company,0000092122,Utilities,"Atlanta, Georgia",1957-03-04,"1945
"
Southwest Airlines,0000092380,Industrials,"Dallas, Texas",1994-07-01,"1967
"
Stanley Black & Decker,"0000093556
",Industrials,"New Britain, Connecticut",1982-09-30,"1843
"
Starbucks,0000829224,Consumer Discretionary,"Seattle, Washington",2000-06-07,"1971
"
State Street Corporation,0000093751,Financials,"Boston, Massachusetts",2003-03-14,"1792
"
Steel Dynamics,0001022671,Materials,"Fort Wayne, Indiana",2022-12-22,"1993
"
Steris,0001757898,Health Care,"Dublin, Ireland",2019-12-23,"1985
"
Stryker Corporation,0000310764,Health Care,"Kalamazoo, Michigan",2000-12-12,"1941
"
Synchrony Financial,0001601712,Financials,"Stamford, Connecticut",2015-11-18,"2003
"
Synopsys,0000883241,Information Technology,"Sunnyvale, California",2017-03-16,"1986
"
Sysco,0000096021,Consumer Staples,"Houston, Texas",1986-12-31,"1969
"
T-Mobile US,0001283699,Communication Services,"Bellevue, Washington",2019-07-15,"1994
"
T. Rowe Price,0001113169,Financials,"Baltimore, Maryland",2019-07-29,"1937
"
Take-Two Interactive,0000946581,Communication Services,"New York City, New York",2018-03-19,"1993
"
"Tapestry, Inc.",0001116132,Consumer Discretionary,"New York City, New York","2004-09-01
","2017
"
Targa Resources,0001389170,Energy,"Houston, Texas",2022-10-12,"2005
"
Target Corporation,"0000027419
",Consumer Staples,"Minneapolis, Minnesota",1976-12-31,"1902
"
TE Connectivity,"0001385157
",Information Technology,"Schaffhausen, Switzerland",2011-10-17,"2007
"
Teledyne Technologies,"0001094285
",Information Technology,"Thousand Oaks, California",2020-06-22,"1960
"
Teleflex,0000096943,Health Care,"Wayne, Pennsylvania",2019-01-18,"1943
"
Teradyne,0000097210,Information Technology,"North Reading, Massachusetts",2020-09-21,"1960
"
"Tesla, Inc.",0001318605,Consumer Discretionary,"Austin, Texas",2020-12-21,"2003
"
Texas Instruments,0000097476,Information Technology,"Dallas, Texas",2001-03-12,"1930
"
Textron,"0000217346
",Industrials,"Providence, Rhode Island",1978-12-31,"1923
"
Thermo Fisher Scientific,0000097745,Health Care,"Waltham, Massachusetts",2004-08-03,"2006 (1902)
"
TJX Companies,0000109198,Consumer Discretionary,"Framingham, Massachusetts",1985-09-30,"1987
"
Tractor Supply,0000916365,Consumer Discretionary,"Brentwood, Tennessee",2014-01-24,"1938
"
Trane Technologies,"0001466258
",Industrials,"Dublin, Ireland",2010-11-17,"1871
"
TransDigm Group,"0001260221
",Industrials,"Cleveland, Ohio",2016-06-03,"1993
"
Travelers Companies (The),0000086312,Financials,"New York City, New York",2002-08-21,"1853
"
Trimble Inc.,0000864749,Information Technology,"Westminster, Colorado",2021-01-21,"1978
"
Truist,0000092230,Financials,"Charlotte, North Carolina",1997-12-04,"1872
"
Tyler Technologies,0000860731,Information Technology,"Plano, Texas",2020-06-22,"1966
"
Tyson Foods,0000100493,Consumer Staples,"Springdale, Arkansas",2005-08-10,"1935
"
U.S. Bank,0000036104,Financials,"Minneapolis, Minnesota",1999-11-01,"1968
"
Uber,0001543151,Industrials,"San Francisco, California",2023-12-18,"2009
"
"UDR, Inc.",0000074208,Real Estate,"Highlands Ranch, Colorado",2016-03-07,"1972
"
Ulta Beauty,0001403568,Consumer Discretionary,"Bolingbrook, Illinois",2016-04-18,"1990
"
Union Pacific Corporation,0000100885,Industrials,"Omaha, Nebraska",1957-03-04,"1862
"
United Airlines Holdings,0000100517,Industrials,"Chicago, Illinois",2015-09-03,"1967
"
United Parcel Service,0001090727,Industrials,"Sandy Springs, Georgia",2002-07-22,"1907
"
United Rentals,0001067701,Industrials,"Stamford, Connecticut",2014-09-20,"1997
"
UnitedHealth Group,0000731766,Health Care,"Minnetonka, Minnesota",1994-07-01,"1977
"
Universal Health Services,0000352915,Health Care,"King of Prussia, Pennsylvania",2014-09-20,"1979
"
Valero Energy,0001035002,Energy,"San Antonio, Texas",2002-12-20,"1980
"
Ventas,0000740260,Real Estate,"Chicago, Illinois",2009-03-04,"1998
"
Veralto,0001967680,Industrials,"Waltham, Massachusetts",2023-10-02,"2023 (Danaher spinoff)
"
Verisign,0001014473,Information Technology,"Dulles, Virginia",2006-02-01,"1995
"
Verisk,0001442145,Industrials,"Jersey City, New Jersey",2015-10-08,"1971
"
Verizon,"0000732712
",Communication Services,"New York City, New York",1983-11-30,"1983 (1877)
"
Vertex Pharmaceuticals,0000875320,Health Care,"Cambridge, Massachusetts",2013-09-23,"1989
"
VF Corporation,"0000103379
",Consumer Discretionary,"Denver, Colorado",1979-06-30,"1899
"
Viatris,0001792044,Health Care,"Pittsburgh, Pennsylvania",2004-04-23,"1961
"
Vici Properties,0001705696,Real Estate,"New York City, New York",2022-06-08,"2017
"
Visa Inc.,0001403161,Financials,"San Francisco, California",2009-12-21,"1958
"
Vulcan Materials Company,"0001396009
",Materials,"Birmingham, Alabama",1999-06-30,"1909
"
Berkley,0000011544,Financials,"Greenwich, Connecticut",2019-12-05,"1967
"
Wabtec,0000943452,Industrials,"Pittsburgh, Pennsylvania",2019-02-27,"1999 (1869)
"
Walgreens Boots Alliance,0001618921,Consumer Staples,"Deerfield, Illinois",1979-12-31,"2014
"
Walmart,"0000104169
",Consumer Staples,"Bentonville, Arkansas",1982-08-31,"1962
"
Walt Disney,"0001744489
",Communication Services,"Burbank, California",1976-06-30,"1923
"
Warner Bros. Discovery,0001437107,Communication Services,"New York City, New York",2022-04-11,"2022 (Warner Bros. 1923)
"
Waste Management,0000823768,Industrials,"Houston, Texas",1998-08-31,"1968
"
Waters Corporation,0001000697,Health Care,"Milford, Massachusetts",2002-01-02,"1958
"
WEC Energy Group,"0000783325
",Utilities,"Milwaukee, Wisconsin",2008-10-31,"1896
"
Wells Fargo,"0000072971
",Financials,"San Francisco, California",1976-06-30,"1852
"
Welltower,"0000766704
",Real Estate,"Toledo, Ohio",2009-01-30,"1970
"
West Pharmaceutical Services,"0000105770
",Health Care,"Exton, Pennsylvania",2020-05-22,"1923
"
Western Digital,"0000106040
",Information Technology,"San Jose, California",2009-07-01,"1970
"
WestRock,0001732845,Materials,"Atlanta, Georgia",2015-06-25,"2015
"
Weyerhaeuser,0000106535,Real Estate,"Seattle, Washington",1979-10-01,"1900
"
Whirlpool Corporation,0000106640,Consumer Discretionary,"Benton Harbor, Michigan",1958-03-31,"1911
"
Williams Companies,"0000107263
",Energy,"Tulsa, Oklahoma",1975-03-31,"1908
"
Willis Towers Watson,"0001140536
",Financials,"London, United Kingdom",2016-01-05,"2016
"
W. W. Grainger,"0000277135
",Industrials,"Lake Forest, Illinois",1981-06-30,"1927
"
Wynn Resorts,"0001174922
",Consumer Discretionary,"Paradise, Nevada",2008-11-14,"2002
"
Xcel Energy,0000072903,Utilities,"Minneapolis, Minnesota",1957-03-04,"1909
"
Xylem Inc.,0001524472,Industrials,"White Plains, New York",2011-11-01,"2011
"
Yum! Brands,"0001041061
",Consumer Discretionary,"Louisville, Kentucky",1997-10-06,"1997
"
Zebra Technologies,"0000877212
",Information Technology,"Lincolnshire, Illinois",2019-12-23,"1969
"
Zimmer Biomet,"0001136869
",Health Care,"Warsaw, Indiana",2001-08-07,"1927
"
Zions Bancorporation,"0000109380
",Financials,"Salt Lake City, Utah",2001-06-22,"1873
"
Zoetis,0001555280,Health Care,"Parsippany, New Jersey",2013-06-21,"1952
"
